insert into allusers values('_emmanouela_','1234',1)
insert into allusers values('_xristopoulos_','5678',1)
insert into allusers values('aggeliki.sk','9101112',1)
insert into allusers values('anastasia.bkst','qwer',1)
insert into allusers values('andrew.t','drew12',1)
insert into allusers values('annakoni','kon@',1)
insert into allusers values('antoniskara','asdf',1)
insert into allusers values('eleni.vol','zxcv',1)
insert into allusers values('euh_makri','2002',1)
insert into allusers values('giorgos.pr','lkjh',1)
insert into allusers values('kostas_ant','zxcvb',1)
insert into allusers values('manolis.nr','manos123',1)
insert into allusers values('maria_kr','fghjk',1)
insert into allusers values('marianna.kll','abcde',1)
insert into allusers values('marina_st','fghijk',1)
insert into allusers values('nikospapas','pao13',1)
insert into allusers values('petrosmantalos','captain21',1)
insert into allusers values('stella22','kit',1)
insert into allusers values('xristina_vrr','lmnop',1)
insert into allusers values('Pasta','makaronia',2)
insert into allusers values('To Lemoni','lemon123',2)
insert into allusers values('Ιταλικό Παγωτό','italia',2)
insert into allusers values('Κλασικό','1234',2)
insert into allusers values('Fridays','frrr',2)
insert into allusers values('Σούβλες','5678',2)
insert into allusers values('Η μπύρα','beer1',2)
insert into allusers values('Basement22','base22',2)
insert into allusers values('The Cooks','abcd',2)
insert into allusers values('PizzaGrecia','pizzagr',2)

insert into allposts values('Έμεινα πολύ ευχαριστημένη με την επίσκεψη μου στο μαγαζί Pasta. Η εξυπηρέτηση ήταν πολύ καλή και το φαγητό γευστικό. Ήταν όλα τέλεια.',5,10,1,'_emmanouela_')
insert into allposts values('Πήγα εχθές στο γνωστό μαγαζί Basement22 και έμεινα αρκετά ευχαριστημένος.Ήταν πολύ νόστιμο το πιάτο με τα μπιφτέκια τους.',5,12,2,'nikospapas')
insert into allposts values('Έμεινα πολύ ευχαριστημένη με την επίσκεψη μου στο μαγαζί "Το Λεμόνι". Ήταν όλα τέλεια.',4,6,1,'annakoni')
insert into allposts values('Φανταστικό το μαγαζι "Σούβλες" αν θέλετε να φάτε παραδοσιακό κρητικό φαγητό.',4,3,0,'aggeliki.sk')
insert into allposts values('Ένα απο τα καλύτερα μαγαζία για ποικιλία κρεατικών και μπύρες. Συνιστώ σε όλους το μαγαζί "Η μπύρα".',5,8,1,'petrosmantalos')

insert into allcomments values('Ήταν φανταστικά',1,'xristina_vrr')
insert into allcomments values('Συμφωνώ απόλυτα, δεν απογοητεύει ποτέ',2,'_xristopoulos_')
insert into allcomments values('Καλό φαγητό αλλά μέτρια εξυπηρέτηση',2,'andrew.t')
insert into allcomments values('Αξέχαστο βράδυ',3,'euh_makri')
insert into allcomments values('Πραγματικά ήταν φανταστικά',5,'euh_makri')

